0.0018921,321.97,125.64,94,2.0681e+09,151.92,46893,43578,2.2932,-0.95589,1,358,-0,2.0652e+09,1,0.54339,0.32776,0.97617,0.96273
0.00094605,322.02,125.56,94,2.0684e+09,151.88,46893,43582,2.296,-0.9569,1,358,-0,2.0656e+09,1,0.5393,0.32779,0.97619,0.96299
0.00094605,375.79,83.03,4.369,2.5394e+09,120.04,50152,49734,5.5263,-1.9056,1,451.9,-0,2.5576e+09,1,0.1728,0.41484,0.98629,0.98176
0.0017695,229.06,154.18,102.4,1.2651e+09,158.33,34958,33691,1.1855,-0.056058,1,349.6,-0,1.2627e+09,1,0.59186,0.38899,0.97334,0.96054
0.0027156,229.04,154.14,102.46,1.265e+09,158.33,34979,33691,1.1865,-0.057008,1,349.54,-0,1.2625e+09,1,0.59572,0.38896,0.97337,0.96028
-0,293.85,164.26,91.841,1.9135e+09,175.84,46010,41160,1.3979,-0.49831,1,360.16,-0,1.9148e+09,1,0.48029,0.33926,0.97148,0.97544
0.00094605,341.12,108.26,91.728,2.229e+09,142.28,48273,45538,3.0385,-1.2502,1,360.27,-0,2.2349e+09,1,0.42904,0.34136,0.97346,0.96668
-0,288.88,130.21,22.338,1.721e+09,148.4,43441,39333,1.906,-0.76472,1,358,-0,1.7389e+09,1,0.36401,0.37833,0.97578,0.97278
0.0017695,314.72,118.31,91.148,1.9621e+09,145.59,48192,42235,2.4267,-1.0037,1,358,-0,1.9952e+09,1,0.2237,0.36101,0.99046,0.98303
0.00094605,274.48,159.24,94,1.6997e+09,169.78,51684,37965,1.3472,-0.3596,1,358,-0,1.7106e+09,1,0.78006,0.30434,0.96126,0.9572
-0,276.06,157.35,94,1.7046e+09,168.11,37656,39929,1.3747,-0.40348,1,358,-0,1.7054e+09,1,0.26781,0.32146,0.98396,0.98465
0.00094605,262.92,165.81,94,1.6173e+09,173.18,42854,38316,1.2329,-0.23011,1,358,-0,1.6099e+09,1,0.45418,0.32132,0.97675,0.97557
0.00094605,302.67,147.69,94,1.94e+09,165.19,51403,42241,1.687,-0.66212,1,358,-0,1.9491e+09,1,0.36948,0.32593,0.9852,0.97852
0.0017695,356.95,98.97,31.658,2.388e+09,137.62,49903,47349,3.6759,-1.4755,1,425.38,-0,2.4201e+09,1,0.34981,0.36795,0.97449,0.97151
-0,273.19,153.55,94,1.6602e+09,164.67,45975,39015,1.4054,-0.41988,1,358,-0,1.6622e+09,1,0.49566,0.3202,0.97411,0.97017
-0,359.04,103.87,8.2835,2.4257e+09,140.55,50326,48721,3.5235,-1.4489,1,449.62,-0,2.4341e+09,1,0.46437,0.38751,0.9701,0.9632
0.00094605,379.54,88.175,0,2.604e+09,124.65,52319,50575,5.2921,-1.9032,1,452,-0,2.6321e+09,1,0.20137,0.45009,0.98725,0.98015
0.0017695,352.17,88.162,89.519,2.289e+09,127.52,48587,45872,4.0315,-1.5012,1,360.34,-0,2.2945e+09,1,0.75528,0.34009,0.95355,0.92892
0.0025467,314.4,127.74,94,1.989e+09,151.83,48615,42153,2.1686,-0.89831,1,358,-0,1.9986e+09,1,0.61645,0.31073,0.9622,0.95773
0.0017695,245.43,157.15,94.263,1.4179e+09,163.28,51614,34583,1.2403,-0.15694,1,357.74,-0,1.4211e+09,1,0.55954,0.35382,0.97724,0.96544
0.00094605,256.55,145.54,59.138,1.4618e+09,154.19,44323,35278,1.3854,-0.40333,1,358,-0,1.4798e+09,1,0.47703,0.39536,0.97977,0.96645
0.00094605,360.36,88.742,68.611,2.3883e+09,128.5,49162,47437,4.2345,-1.5897,1,383.39,-0,2.4202e+09,1,0.51249,0.36304,0.96911,0.95309
-0,361.9,113.6,0.15963,2.492e+09,147.5,50184,48901,3.3052,-1.4263,1,452,-0,2.5047e+09,1,0.35595,0.44449,0.9749,0.97406
0.0027156,328.48,115.65,91.464,2.1002e+09,144.26,48023,44030,2.6335,-1.0784,1,360.14,-0,2.0984e+09,1,0.93467,0.30637,0.94588,0.93049
-0,361.9,113.57,0.15963,2.492e+09,147.48,50192,48902,3.3073,-1.4268,1,452,-0,2.5046e+09,1,0.35985,0.44432,0.97473,0.97377
-0,255.77,174.59,94.115,1.5927e+09,179.43,37083,39128,1.1429,-0.11763,1,357.89,-0,1.5898e+09,1,0.13302,0.34634,0.98857,0.99334
-0,255.73,174.54,94.115,1.5922e+09,179.39,37083,39120,1.1432,-0.11752,1,357.89,-0,1.5892e+09,1,0.13352,0.34621,0.98849,0.99331
-0,255.8,174.57,94.085,1.5929e+09,179.43,37083,39130,1.1432,-0.11798,1,357.91,-0,1.59e+09,1,0.13237,0.34634,0.98858,0.99337
0.0017695,356.99,38.44,0,2.1948e+09,84.06,42480,45996,9.5962,-2.3383,1,358,-0,2.2223e+09,1,0.55831,0.57496,0.97962,0.88221
0.0017695,356.5,39.332,0,2.1915e+09,84.953,42478,45944,9.4236,-2.3231,1,358,-0,2.2189e+09,1,0.56474,0.57255,0.9795,0.883
0.0027156,277.77,151.67,94,1.6989e+09,164.21,41043,39079,1.4513,-0.42686,1,358,0.0064957,1.6908e+09,1,0.90521,0.30433,0.96125,0.94691
0.0027156,268.95,156.14,94.095,1.6324e+09,166.47,40273,38318,1.352,-0.32593,1,357.91,-0,1.6243e+09,1,0.8864,0.30732,0.96201,0.94925
0.0032939,298.34,137.58,94,1.851e+09,156.31,46698,41287,1.8136,-0.69114,1,358,0.0032479,1.8385e+09,1,0.91579,0.30402,0.95668,0.94062
0.0034928,298.33,137.63,94,1.851e+09,156.34,46820,41280,1.8132,-0.69089,1,358,0.0032479,1.8384e+09,1,0.91928,0.30378,0.95644,0.9404
0.0017695,367.6,72.995,56.86,2.4147e+09,113.38,50178,47915,5.803,-1.9193,1,374.41,-0,2.4469e+09,1,0.35,0.36315,0.9597,0.95906
0.00094605,357.23,64.636,15.936,2.2805e+09,110.22,50050,46579,5.774,-1.8773,1,358.28,-0,2.3104e+09,1,0.32258,0.39438,0.96492,0.95953
0.00094605,358.48,82.488,94,2.3528e+09,125.25,52492,47654,4.3923,-1.6045,1,358,-0,2.366e+09,1,0.23519,0.38338,0.98763,0.97641
0.0017695,358.49,82.463,94,2.3528e+09,125.23,52288,47652,4.3961,-1.6055,1,358,-0,2.366e+09,1,0.2418,0.38322,0.9874,0.97573
0.00094605,327.43,114.61,91.991,2.0889e+09,144.25,49318,44111,2.6629,-1.1003,1,358.46,-0,2.0881e+09,1,0.70935,0.31286,0.9527,0.94608
0.00094605,327.44,114.56,91.979,2.0888e+09,144.21,49313,44114,2.6649,-1.1007,1,358.47,-0,2.0882e+09,1,0.70946,0.31282,0.95264,0.94605
0.0025467,362.26,67.257,26.07,2.3392e+09,110.13,48479,47145,5.824,-1.8647,1,358,-0,2.3678e+09,1,0.30772,0.40267,0.97987,0.96159
0.0025467,362.22,67.317,26.07,2.339e+09,110.2,48437,47140,5.8146,-1.8632,1,358,-0,2.3675e+09,1,0.30698,0.40273,0.97999,0.96171
0.0047257,414.12,55.637,0,2.9103e+09,82.825,48779,53578,11.652,-2.8921,1,452,-0,2.9244e+09,1,0.92553,0.58565,0.96436,0.81525
0.0042399,414.45,55.432,0,2.9145e+09,82.762,48773,53618,11.694,-2.903,1,452,-0,2.9287e+09,1,0.92343,0.58976,0.96462,0.81529
0.00094605,380.84,80.257,1.7104,2.5878e+09,116.43,50641,49745,6.0169,-2.0198,1,452,-0,2.6255e+09,1,0.15081,0.43067,0.98848,0.98314
0.00094605,248.3,162.62,95.198,1.4705e+09,168.72,42388,36636,1.2146,-0.12348,1,356.8,-0,1.4661e+09,1,0.43729,0.33732,0.98002,0.97508
0.0073099,288.17,142.57,94.589,1.7663e+09,158.76,43404,38947,1.638,-0.53866,1,357.41,0.0085961,1.7501e+09,1,1.8601,0.26957,0.91729,0.88814
0.0017695,345.77,96.986,89.62,2.2417e+09,133.53,49549,45246,3.5302,-1.3762,1,361.88,-0,2.2569e+09,1,0.73749,0.33018,0.95433,0.93683
0.0040187,307.38,133.17,94,1.9311e+09,154.49,43543,41802,1.9772,-0.78619,1,358,-0,1.9225e+09,1,0.94581,0.2995,0.952,0.93784
0.0017695,334.68,117.85,92.783,2.1865e+09,148.28,42292,46057,2.6444,-1.1195,1,359.22,-0,2.1867e+09,1,0.38147,0.33677,0.97532,0.97247
-0,289.33,146.75,94,1.7948e+09,162.12,42247,41280,1.603,-0.58115,1,358,-0,1.7893e+09,1,0.39291,0.3191,0.9793,0.97577
0.0018921,342.24,92.67,85.117,2.1908e+09,130.91,44936,45301,3.6405,-1.3983,1,358,-0,2.2165e+09,1,0.34501,0.36609,0.98105,0.9686
0.0074244,311.35,112.94,53.211,1.8983e+09,139.29,51163,41301,2.5331,-0.98462,1,358,-0,1.8971e+09,1,1.0048,0.36197,0.9645,0.91955
0.0049647,324.68,113.55,91.749,2.0487e+09,141.92,42667,43830,2.6491,-1.0639,1,358.27,0.0032479,2.0307e+09,1,0.97552,0.31255,0.9458,0.92438
0.00094605,279.35,146.82,94,1.6913e+09,160.05,39247,40118,1.531,-0.50693,1,358,-0,1.6847e+09,1,0.42105,0.33198,0.98004,0.97328
-0,279.31,146.88,94,1.6912e+09,160.11,39360,40113,1.5294,-0.50627,1,358,-0,1.6845e+09,1,0.41747,0.33209,0.98028,0.97353
-0,279.38,146.85,94,1.6917e+09,160.09,39411,40120,1.5305,-0.50735,1,358,-0,1.685e+09,1,0.41499,0.33215,0.98028,0.97367
0.0018921,375.01,61.68,38.313,2.4454e+09,96.103,45834,48083,7.8238,-2.1607,1,367.18,-0,2.4738e+09,1,0.63068,0.38,0.94632,0.90257
0.0018921,375.02,61.684,37.749,2.4454e+09,96.083,45826,48084,7.8203,-2.1597,1,367.18,-0,2.4739e+09,1,0.63356,0.37992,0.94621,0.90212
0.0027156,328.5,115.73,91.472,2.1005e+09,144.3,48032,44036,2.631,-1.0777,1,360.15,-0,2.0982e+09,1,0.93987,0.30633,0.94581,0.93014
0.0017695,351.55,90.13,93.744,2.2946e+09,130.54,49411,46769,3.9079,-1.486,1,358.26,-0,2.3133e+09,1,0.42982,0.36039,0.97678,0.9609
0.0017695,351.63,89.976,93.777,2.2951e+09,130.45,49281,46777,3.9184,-1.4885,1,358.22,-0,2.3135e+09,1,0.43341,0.36046,0.97669,0.96053
0.0018921,300.14,138.57,94,1.8781e+09,158.18,39545,41869,1.8306,-0.72715,1,358,-0,1.8896e+09,1,0.37837,0.31597,0.97513,0.97591
0.0093164,322.53,110.36,90.936,2.0161e+09,139.77,44376,42755,2.7342,-1.082,1,358,-0,2.0228e+09,1,0.78756,0.34255,0.96699,0.93773
0.0017695,297.4,139.53,94,1.8522e+09,158.34,39325,41550,1.7901,-0.70169,1,358,-0,1.8636e+09,1,0.36853,0.31721,0.97538,0.97654
0.0018921,300.11,138.58,94,1.8778e+09,158.17,39494,41864,1.8303,-0.72695,1,358,-0,1.8892e+09,1,0.37902,0.31598,0.97512,0.97587
0.0018921,300.16,138.55,94,1.8783e+09,158.16,39527,41870,1.831,-0.72721,1,358,-0,1.8894e+09,1,0.38407,0.31566,0.9748,0.97555
0.0096038,322.49,110.43,91.352,2.0158e+09,139.8,44374,42754,2.7306,-1.0802,1,358,-0,2.0226e+09,1,0.79328,0.342,0.96659,0.93732
0.0036616,238.39,170.37,158.98,1.4283e+09,175.24,34077,36605,1.162,0.047844,1,293.02,-0,1.4189e+09,1,0.4804,0.34619,0.97752,0.97496
0.0018921,238.23,170.39,161.88,1.4272e+09,175.27,34158,36594,1.1622,0.050112,1,290.12,-0,1.4179e+09,1,0.48007,0.3465,0.97755,0.975
0.0018921,238.23,170.43,161.88,1.4273e+09,175.29,34142,36592,1.1617,0.049749,1,290.12,-0,1.418e+09,1,0.47567,0.34656,0.97766,0.97522
0.00094605,253.27,167.91,94.761,1.5391e+09,173.73,44924,35662,1.1859,-0.13753,1,357.24,-0,1.5364e+09,1,0.38338,0.32905,0.97817,0.97939
0.00094605,363.69,73.129,73.962,2.3699e+09,113.9,46713,47169,5.4335,-1.8063,1,360.31,-0,2.3901e+09,1,0.54846,0.36762,0.96036,0.93655
0.0040187,328.46,114.32,88.801,2.0912e+09,142.41,47286,43782,2.6573,-1.0719,1,362.78,-0,2.0734e+09,1,1.296,0.2907,0.92552,0.90247
0.00094605,336.52,111.23,89.295,2.1815e+09,142.99,48907,44660,2.8704,-1.1843,1,362.71,-0,2.1827e+09,1,0.72879,0.31606,0.95167,0.94419
-0,325.41,131.04,90.668,2.1254e+09,156.09,52229,44249,2.2104,-0.94726,1,361.33,-0,2.133e+09,1,0.63197,0.32547,0.9668,0.95926
0.00094605,391.15,73.218,4.8984,2.6859e+09,107.77,49616,50800,7.4561,-2.3037,1,451.41,-0,2.7193e+09,1,0.30498,0.43951,0.9663,0.96087
0.0034928,339.98,98.13,78.048,2.1742e+09,132.9,46558,44246,3.4049,-1.3278,1,360.26,-0,2.1744e+09,1,0.90935,0.31293,0.93538,0.92074
-0,233.84,167.35,177.32,1.3777e+09,172.49,40165,34957,1.1788,0.064767,1,274.8,-0,1.3724e+09,1,0.65659,0.3435,0.96924,0.96458
0.0025467,361.82,73.36,68.936,2.3482e+09,114.03,45999,46957,5.2791,-1.7633,1,362.07,-0,2.3654e+09,1,0.62746,0.36638,0.95886,0.92847
0.0017695,360.29,75.844,70.664,2.3421e+09,117.15,50604,46383,5.0508,-1.7313,1,363.56,-0,2.3678e+09,1,0.7003,0.35036,0.94948,0.9238
0.0032939,309.75,139.05,94,1.9806e+09,159.5,49428,42317,1.8885,-0.77056,1,358,-0,1.9833e+09,1,0.6108,0.31082,0.96748,0.9622
0.0027156,314.69,116.35,71.19,1.9486e+09,142.81,44624,41867,2.474,-1.0022,1,358,-0,1.9454e+09,1,0.9047,0.32634,0.94953,0.92961
0.00094605,359.82,95.047,38.557,2.4045e+09,133.76,50182,47547,3.9451,-1.5468,1,416.89,-0,2.4387e+09,1,0.51206,0.35084,0.95643,0.95635
0.0096618,366.92,38.123,0,2.2811e+09,71.872,43075,47157,12.552,-2.4255,1,358,-0,2.3065e+09,1,0.61965,0.57433,0.97951,0.8337
0.00094605,327.23,128.97,82.9,2.1405e+09,155.26,49203,44212,2.2881,-0.99291,1,369.1,-0,2.1727e+09,1,0.44779,0.32454,0.96932,0.971
0.014213,267.82,143.73,94,1.5673e+09,155.98,38533,37228,1.5004,-0.41709,1,358,0.0064957,1.5569e+09,1,1.5366,0.3277,0.95028,0.89978
0.0047257,247.92,154.72,94.779,1.4279e+09,161.4,36105,35556,1.2668,-0.20373,1,357.22,-0,1.4315e+09,1,1.052,0.34057,0.95716,0.93423
0.00094605,367.41,62.509,20.669,2.3734e+09,102.3,47421,47645,6.8638,-2.0295,1,358.17,-0,2.3989e+09,1,0.34219,0.406,0.97082,0.95112
0.0060974,357.62,36.395,0,2.1973e+09,82.324,42514,46095,10.215,-2.4345,1,358,-0,2.2268e+09,1,0.50288,0.5833,0.97772,0.88842
0.0036616,337.69,118.48,78.479,2.22e+09,148.39,48290,45461,2.6647,-1.1258,1,373.52,0.0032479,2.2185e+09,1,0.67143,0.33671,0.96478,0.95245
-0,202.66,164.16,1.3558,1.1413e+09,169.94,28789,32001,1.3107,0.40736,1,58,-0,1.1325e+09,1,0.42752,0.40133,0.9752,0.97596
-0,396.44,64.755,3.0707,2.7065e+09,93.315,49954,51248,9.3679,-2.5016,1,451.95,-0,2.7204e+09,1,0.28026,0.45214,0.97385,0.95138
-0,308.61,148.05,93.717,2.0049e+09,166.24,50780,43761,1.732,-0.71852,1,358.28,-0,2.0073e+09,1,0.2716,0.32726,0.97925,0.98432
-0,308.62,148.09,93.714,2.0051e+09,166.25,50738,43762,1.7315,-0.71845,1,358.29,-0,2.0077e+09,1,0.27159,0.32719,0.97914,0.98433
0.0025467,276.88,149.04,94,1.6774e+09,161.69,47923,37620,1.4837,-0.47486,1,358,-0,1.6956e+09,1,0.525,0.32681,0.97677,0.96756
0.0025467,276.89,149,94,1.6775e+09,161.68,47933,37625,1.4846,-0.47496,1,358,-0,1.6956e+09,1,0.52484,0.32689,0.9769,0.96758
-0,289.18,170.44,92.714,1.8918e+09,179.76,47403,42236,1.3057,-0.43452,1,359.29,-0,1.8892e+09,1,0.2467,0.35802,0.98244,0.98778
0.0018921,360.49,90.908,65.257,2.3954e+09,129.82,48428,47638,4.1101,-1.5597,1,386.74,-0,2.4192e+09,1,0.47321,0.37264,0.97488,0.95714
-0,354.78,113,5.9098,2.4026e+09,146.2,48980,46190,3.1445,-1.3385,1,450.99,-0,2.4268e+09,1,0.61103,0.38942,0.96609,0.956
-0,329.72,116.34,94,2.1256e+09,146.82,46461,45399,2.6372,-1.1034,1,358,-0,2.1287e+09,1,0.23227,0.33918,0.98345,0.98282
0.00094605,308.53,122.76,79.493,1.9064e+09,147.13,46249,42853,2.2444,-0.92195,1,358,-0,1.9119e+09,1,0.36266,0.35158,0.97918,0.97273
0.00094605,362.74,73.615,65.867,2.3599e+09,114.24,47491,47051,5.3649,-1.7943,1,365.28,-0,2.368e+09,1,0.57838,0.36189,0.95507,0.93271
0.0025467,371.68,65.5,57.425,2.4247e+09,102.25,47541,48122,6.9251,-2.0369,1,358.59,-0,2.4534e+09,1,0.43073,0.40056,0.96996,0.93846
0.0040187,317.35,118.99,92.658,1.9894e+09,145.66,39400,43642,2.4255,-0.98417,1,358,0.0032479,1.9896e+09,1,0.64264,0.33048,0.96767,0.95207
-0,321.1,135.74,89.102,2.0967e+09,159.36,48053,43609,2.0782,-0.89697,1,362.9,-0,2.1062e+09,1,0.40682,0.32361,0.97053,0.97474
-0,225.17,168.64,83.796,1.3123e+09,172.42,48588,35471,1.1711,0.14501,1,124.91,-0,1.3125e+09,1,0.37959,0.36357,0.98095,0.97909
0.0017695,354.71,109.02,14.48,2.3873e+09,143.15,50142,47572,3.2515,-1.3598,1,443.18,-0,2.3958e+09,1,0.64898,0.37155,0.95973,0.9508
0.0018921,363.81,99.236,6.1391,2.4631e+09,136.39,50182,48912,3.8876,-1.5495,1,451.29,-0,2.4755e+09,1,0.34197,0.39981,0.97695,0.97126
0.00094605,316.63,116.6,76.811,1.9679e+09,142.64,41463,42202,2.4753,-0.99157,1,358.3,0.0060131,1.9523e+09,1,1.3428,0.29494,0.92303,0.89805
-0,266.28,154.26,94,1.5956e+09,163.97,50840,37982,1.3591,-0.35056,1,358,-0,1.5982e+09,1,0.5243,0.32779,0.97524,0.96833
0.0017695,363.01,65.624,24.752,2.3407e+09,108.06,46549,47317,6.0766,-1.9115,1,358,-0,2.3748e+09,1,0.41734,0.39484,0.9685,0.94624
0.00094605,379.58,47.823,0,2.4362e+09,72.287,48151,48863,12.197,-2.3672,1,358,-0,2.4582e+09,1,0.14852,0.49745,0.98719,0.96038
0.0017695,336.25,97.014,68.259,2.1291e+09,131.99,48511,45315,3.3947,-1.3146,1,358,-0,2.1314e+09,1,0.70819,0.34331,0.95605,0.93626
0.0025467,282.97,148.36,94,1.7387e+09,162.74,37555,39541,1.5303,-0.49267,1,358,-0,1.7465e+09,1,0.74667,0.31282,0.97128,0.95557
0.0028381,314.78,135.55,87.136,2.0187e+09,156.95,46653,41499,1.9971,-0.8121,1,364.86,-0,2.0103e+09,1,1.4353,0.28253,0.92523,0.91061
0.0025467,310.37,138.05,90.303,1.9802e+09,158.21,46375,40997,1.9063,-0.76113,1,361.7,-0,1.9706e+09,1,1.4643,0.27851,0.92407,0.91001
0.0034928,321.95,137,81.073,2.1076e+09,159.74,48763,43551,2.0494,-0.87768,1,370.93,0.0032479,2.1141e+09,1,0.75618,0.32318,0.95988,0.95393
0.0027156,321.83,137.1,81.427,2.1067e+09,159.81,48727,43538,2.0472,-0.87651,1,370.57,-0,2.1134e+09,1,0.75211,0.32336,0.9602,0.9542
-0,285.2,142.78,94,1.7342e+09,157.93,48752,40964,1.6372,-0.60799,1,358,-0,1.7465e+09,1,0.26007,0.34042,0.98284,0.98287
-0,375.38,79.479,28.606,2.5195e+09,116.2,49440,49457,5.6918,-1.9243,1,428.66,-0,2.5266e+09,1,0.4051,0.38518,0.96294,0.9537
0.00094605,341.2,115.88,71.77,2.2558e+09,147.76,48735,45911,2.7991,-1.1939,1,380.23,-0,2.2501e+09,1,0.36253,0.34071,0.96825,0.97348
0.00094605,363.71,80.882,77.711,2.3963e+09,120.74,47919,47047,4.898,-1.7187,1,373.85,-0,2.4189e+09,1,0.5536,0.36126,0.96239,0.94273
0.0025467,374.33,72.287,56.551,2.4809e+09,109.18,48344,48571,6.3665,-2.0171,1,388.29,-0,2.5104e+09,1,0.5633,0.3599,0.9474,0.93063
0.00094605,375.04,71.432,54.585,2.4857e+09,108.07,48274,48645,6.5128,-2.0418,1,388.52,-0,2.5156e+09,1,0.5499,0.3613,0.94754,0.93097
0.00094605,367.13,84.416,64.359,2.4472e+09,123.29,50177,47602,4.8389,-1.7289,1,387.64,-0,2.4682e+09,1,0.41662,0.38627,0.97783,0.95778
-0,274.81,172.81,94,1.7609e+09,180,40082,40589,1.2116,-0.28682,1,358,-0,1.7552e+09,1,0.41194,0.34271,0.97633,0.97976
0.00094605,300.88,123.85,67.93,1.8243e+09,145.86,43332,40527,2.1356,-0.84532,1,358,-0,1.833e+09,1,0.68846,0.35807,0.97168,0.94835
0.0017695,300.9,123.76,67.93,1.8243e+09,145.82,43321,40530,2.1369,-0.84604,1,358,-0,1.8328e+09,1,0.68797,0.35833,0.97177,0.94836
0.0017695,300.83,123.88,67.93,1.8239e+09,145.88,43328,40522,2.1348,-0.84511,1,358,-0,1.8324e+09,1,0.68975,0.35802,0.97162,0.94826
0.00094605,324.72,123.53,93.337,2.0898e+09,150.45,45334,43227,2.3776,-1.0001,1,358.66,-0,2.0922e+09,1,0.65112,0.31225,0.9601,0.95498
0.00094605,324.6,123.69,93.351,2.0889e+09,150.53,45323,43215,2.3726,-0.99803,1,358.65,0.0032479,2.0915e+09,1,0.65509,0.31193,0.95985,0.95476
0.0018921,324.59,123.61,93.386,2.0888e+09,150.51,45343,43216,2.3751,-0.99883,1,358.61,-0,2.0914e+09,1,0.65591,0.31184,0.95976,0.95469
0.00094605,366.85,93.04,2.46,2.4778e+09,131.45,50182,48087,4.3205,-1.6547,1,451.99,-0,2.5178e+09,1,0.22094,0.40228,0.98658,0.98034
0.0017695,351.64,94.98,86.769,2.3092e+09,133.69,49366,45955,3.6908,-1.4389,1,365.23,-0,2.3357e+09,1,0.48421,0.35359,0.9728,0.95829
0.0027156,367.41,83.601,59.546,2.4483e+09,122.71,50143,48169,4.9218,-1.7545,1,392.45,-0,2.4874e+09,1,0.32517,0.38248,0.9789,0.96718
0.0025467,356.32,87.716,71.767,2.3293e+09,125.66,47679,46299,4.1993,-1.5488,1,378.29,-0,2.3394e+09,1,0.95921,0.32511,0.93556,0.90978
0.0017695,315.67,115.43,64.645,1.9571e+09,142.46,47507,42011,2.5191,-1.0308,1,358,0.0032479,1.9799e+09,1,0.72575,0.32978,0.95383,0.94379
-0,337.27,91.999,30.786,2.1271e+09,128.89,46094,44182,3.6068,-1.3718,1,358,-0,2.1332e+09,1,0.52301,0.3669,0.9689,0.95069
0.00094605,342.81,50.159,0,2.0569e+09,92.398,41700,44420,7.7954,-2.2718,1,358,-0,2.087e+09,1,0.35387,0.63461,0.98447,0.93329
0.0047257,337.56,79.561,5.7606,2.0871e+09,118.17,47844,43993,4.4236,-1.5617,1,358,-0,2.1083e+09,1,0.91499,0.41152,0.9541,0.89862
0.00094605,274.53,168.61,94,1.7396e+09,176.76,50403,40751,1.2501,-0.32149,1,358,-0,1.769e+09,1,0.30016,0.33221,0.98346,0.9846
0.0017695,345.07,96.088,90.213,2.231e+09,132.88,50155,45706,3.5637,-1.3844,1,359.93,-0,2.2477e+09,1,0.66133,0.33409,0.95807,0.94278
0.00094605,329.97,116.15,94,2.1229e+09,145.69,52479,45112,2.6221,-1.0828,1,358,-0,2.127e+09,1,0.72056,0.32321,0.9637,0.94695
0.0034928,302.97,109.39,2.8621,1.793e+09,134.53,43075,40914,2.6289,-1.0882,1,358,0.0032479,1.8127e+09,1,0.53315,0.44543,0.97421,0.95175
0.0017695,326.6,123.97,85.221,2.1121e+09,150.92,49276,43816,2.4032,-1.0202,1,366.78,-0,2.1356e+09,1,0.85147,0.29366,0.93983,0.9423
0.00094605,343.07,93.565,84.003,2.2038e+09,131.76,46766,45273,3.6288,-1.4048,1,358,-0,2.2306e+09,1,0.41068,0.34979,0.97062,0.96331
0.0044388,401.09,71.689,0,2.8032e+09,104.5,49583,51958,7.9116,-2.4069,1,452,0.0032479,2.8228e+09,1,0.96428,0.53249,0.9578,0.87364
0.00094605,371.75,100.91,0,2.5573e+09,136.11,50135,48586,4.1251,-1.6425,1,452,-0,2.5888e+09,1,0.48094,0.44903,0.97526,0.96045
0.0018921,407.81,74.453,0,2.9374e+09,117.12,50204,52891,7.6812,-2.5351,1,452,-0,2.9854e+09,1,0.18069,0.71934,0.99083,0.97976
0.0017695,400.58,73.6,0,2.8136e+09,109.41,50175,51829,7.8095,-2.4419,1,452,-0,2.8521e+09,1,0.35271,0.54853,0.97645,0.95631
0.00094605,373.31,90.85,5.562,2.5401e+09,127.72,48924,48734,4.749,-1.7696,1,451.14,-0,2.5659e+09,1,0.45052,0.40444,0.96585,0.95799
0.00094605,387.84,75.803,5.2461,2.6552e+09,110.91,49906,50129,6.9106,-2.202,1,451.39,-0,2.6909e+09,1,0.32902,0.42905,0.9663,0.96012
0.00094605,409.99,62.609,0,2.8946e+09,96.491,50490,52909,10.484,-2.8563,1,452,-0,2.9369e+09,1,0.19544,0.59374,0.98852,0.96901
-0,309.64,152.42,82.89,1.7586e+09,169.52,33447,41292,1.677,-0.70846,1,369.11,-0,1.7628e+09,1,0.22886,0.33806,0.97818,0.98737
-0,251.41,170.18,95.75,1.3254e+09,175.25,36174,34951,1.161,-0.11328,1,356.36,-0,1.3304e+09,1,0.23512,0.33546,0.97948,0.98761
-0,292.91,159.73,94,1.6306e+09,172.5,31776,39316,1.4494,-0.53217,1,358,-0,1.634e+09,1,0.21254,0.32322,0.97766,0.9886
0.0031534,316.67,124.25,91.858,1.6955e+09,149.56,42315,40374,2.2845,-0.95588,1,358,0.0038187,1.6826e+09,1,0.69759,0.29953,0.94748,0.95073
-0,387.13,66.665,28.303,2.2065e+09,98.703,41287,46200,8.1602,-2.3181,1,427.62,-0,2.1993e+09,1,0.41665,0.3922,0.95452,0.93833
0.00093123,207.67,162.8,23.517,2.5515e+09,169.14,53399,47911,1.3008,0.35592,1,63.381,-0,2.5002e+09,1,0.69003,0.38649,0.96706,0.96138
0.00090669,216.9,174.57,0.36621,2.7023e+09,178.81,67499,50330,1.1964,0.30009,1,58,-0,2.6901e+09,1,0.35368,0.39175,0.97665,0.98216
-0,259.55,168.42,98.821,1.3827e+09,174.98,41127,34973,1.1952,-0.18512,1,353.71,-0,1.37e+09,1,0.86433,0.30386,0.94641,0.95488
-0,299.54,152.6,93.636,1.6645e+09,168.01,42048,39504,1.5904,-0.62496,1,358.36,-0,1.6566e+09,1,0.38831,0.3074,0.96489,0.97796
-0,334.63,96.914,40.195,1.8306e+09,133.21,41349,41988,3.4132,-1.3466,1,358,-0,1.833e+09,1,0.25389,0.35619,0.97017,0.97728
-0,334.67,96.964,41.39,1.8312e+09,133.26,41409,41994,3.4116,-1.346,1,358,-0,1.8335e+09,1,0.25482,0.35599,0.97025,0.97722
0.0020413,345.54,100.54,77.782,1.9171e+09,135.36,43311,42640,3.4105,-1.3483,1,373.82,-0,1.9074e+09,1,0.96006,0.31173,0.93632,0.92043
0.0031338,334.77,106.68,86.766,1.8214e+09,137.02,40383,40420,2.9966,-1.1722,1,363.42,0.0037721,1.8036e+09,1,1.3751,0.29696,0.92575,0.89183
-0,281.45,164.89,94,1.5374e+09,174.58,29912,38436,1.3207,-0.41067,1,358,-0,1.5323e+09,1,0.24986,0.31681,0.97148,0.98686
-0,289.64,159.54,94,1.6005e+09,171.85,31822,39026,1.4311,-0.51067,1,358,-0,1.6049e+09,1,0.26008,0.31168,0.96908,0.98594
-0,357.27,91.609,75.202,2.049e+09,132.48,36677,44995,4.0123,-1.548,1,376.8,-0,2.0565e+09,1,0.14483,0.363,0.97895,0.9872
-0,274.63,168.96,94,1.5062e+09,176.96,35313,37501,1.2452,-0.32457,1,358,-0,1.5099e+09,1,0.29882,0.32338,0.97118,0.98476
-0,215.25,169.75,1.671,1.0795e+09,173.68,26774,31529,1.198,0.26957,1,58,-0,1.0803e+09,1,0.25419,0.38253,0.97375,0.98628
0.001079,385.56,66.313,36.519,2.2317e+09,97.4,41478,46383,8.2205,-2.2861,1,420.45,-0,2.2349e+09,1,0.22073,0.4182,0.97853,0.96567
0.001079,274.25,168.98,94,1.5026e+09,176.81,31797,37639,1.2443,-0.32269,1,358,-0,1.5063e+09,1,0.23421,0.32433,0.97382,0.98801
-0,309.43,145.15,91.927,1.7315e+09,164.16,36404,40312,1.7876,-0.75031,1,360.07,0.0037266,1.7349e+09,1,0.29015,0.31388,0.97013,0.98296
0.001079,300.85,154.74,91.925,1.6849e+09,169.97,34950,39700,1.5708,-0.62164,1,360.08,-0,1.687e+09,1,0.27126,0.31977,0.97141,0.98513
0.001079,368.15,74.456,70.398,2.0963e+09,114.1,41435,44933,5.6536,-1.8811,1,373.16,-0,2.0965e+09,1,0.32283,0.37467,0.96799,0.96207
-0,316.51,134.57,94,1.7661e+09,158.03,34438,41437,2.0543,-0.88038,1,358,-0,1.7732e+09,1,0.19144,0.31849,0.97695,0.98778
-0,308.47,154.76,81.807,1.7558e+09,171.08,32029,41287,1.6319,-0.68495,1,370.19,-0,1.7608e+09,1,0.18088,0.34532,0.9818,0.99018
-0,318,156.59,4.4672,1.8137e+09,173.43,36789,41756,1.6944,-0.75516,1,451.42,-0,1.8092e+09,1,0.13418,0.39663,0.98865,0.99296
-0,375.42,80.214,27.409,2.185e+09,117.85,42933,45883,5.7019,-1.9418,1,429.93,-0,2.1889e+09,1,0.23159,0.38559,0.96766,0.97464
0.0029001,211.97,169.67,28.723,1.076e+09,176.98,32081,30764,1.2923,0.38518,1,67.671,-0,1.0559e+09,1,1.1096,0.39043,0.95479,0.94496
-0,374.49,82.398,27.187,9.4887e+08,119.16,39904,30003,5.4409,-1.8765,1,430.74,-0,9.4321e+08,1,0.49692,0.37657,0.95482,0.94756
-0,349.4,96.042,75.421,8.4424e+08,132.33,38072,28052,3.6373,-1.4116,1,374.89,-0,8.4777e+08,1,0.85425,0.31482,0.93679,0.92648
0.0022831,286.39,137.49,86.625,6.5008e+08,154.24,40114,24018,1.718,-0.60444,1,357.23,-0,6.3639e+08,1,1.5284,0.27621,0.91232,0.90079
-0,329.09,126.2,80.754,8.1001e+08,153.43,35320,27292,2.3788,-1.0237,1,371.25,-0,8.0467e+08,1,0.66072,0.31047,0.95169,0.95613
0.0037492,357.27,107.19,7.5762,2.0861e+09,142.07,43401,44736,3.3697,-1.3997,1,449.86,-0,2.0769e+09,1,0.57417,0.38387,0.9649,0.95593
0.001079,377.76,74.584,36.25,2.1841e+09,109.87,42021,45712,6.3036,-2.009,1,420.32,-0,2.1799e+09,1,0.32613,0.39979,0.97395,0.95871
0.004918,347.54,102.87,73.424,1.93e+09,137.22,41679,42119,3.3355,-1.3309,1,378.58,0.0038187,1.9091e+09,1,1.0525,0.31656,0.9376,0.91622
0.0010994,304.59,133.21,93.139,1.6116e+09,154.3,40977,38937,1.9631,-0.79989,1,358,-0,1.6015e+09,1,0.6565,0.30202,0.95413,0.95612
0.0051528,309.93,132.29,94,1.6573e+09,154.38,42203,39477,2.0197,-0.82328,1,358,-0,1.6434e+09,1,0.81729,0.3009,0.95452,0.94615
0.0010994,291.52,143.47,94,1.5282e+09,159.89,41536,38047,1.671,-0.63115,1,358,-0,1.5184e+09,1,0.46984,0.30843,0.9652,0.97048
0.001079,310.06,133.05,94,1.6945e+09,154.72,40950,39957,2.0075,-0.81834,1,358,-0,1.6797e+09,1,0.8588,0.29415,0.94776,0.94362
0.001079,371.36,69.956,72.229,2.1071e+09,106.8,42682,44758,6.3093,-1.9577,1,368.38,-0,2.1023e+09,1,0.51982,0.381,0.96118,0.93133
-0,413.39,49,1.846,2.4811e+09,70.142,43416,49303,16.232,-3.2208,1,452,-0,2.4941e+09,1,0.27672,0.49361,0.96284,0.92523
-0,357.12,103.04,13.356,2.077e+09,140.16,40252,44391,3.4898,-1.4303,1,444.24,-0,2.0713e+09,1,0.28011,0.3838,0.97914,0.97758
-0,249.01,175.14,101.38,1.329e+09,179.38,30054,35191,1.1253,-0.054024,1,353.43,-0,1.3286e+09,1,0.28689,0.34202,0.97187,0.98571
0.001079,283.06,165.34,94,1.565e+09,175.42,39325,36945,1.3244,-0.40609,1,358,-0,1.5591e+09,1,0.45707,0.3218,0.96914,0.97641
0.0020413,237.11,163.99,101.45,1.1793e+09,168.83,32512,31759,1.1842,-0.023043,1,350.55,-0,1.1718e+09,1,0.49789,0.34711,0.97566,0.97142
0.0010925,349.37,105.1,70.242,1.976e+09,141.04,39240,43637,3.2648,-1.342,1,381.76,-0,1.9718e+09,1,0.38733,0.35423,0.97365,0.96968
0.0010925,271.62,174.54,94,1.4848e+09,181.35,43417,36866,1.187,-0.25647,1,358,-0,1.4763e+09,1,0.5692,0.34277,0.96869,0.97252
-0,307.81,149.05,86.326,7.535e+08,167.03,43195,27097,1.7152,-0.71448,1,365.67,-0,7.4969e+08,1,0.58325,0.31025,0.95653,0.96629
-0,278.14,164.82,94,1.5018e+09,174.72,35617,36483,1.3085,-0.37404,1,358,-0,1.4955e+09,1,0.40854,0.31937,0.97248,0.97867
-0,307.44,156.58,76.631,7.6328e+08,172.39,42987,27252,1.6001,-0.66124,1,375.37,-0,7.597e+08,1,0.50744,0.34549,0.96889,0.97262
0.0022831,347.79,121.89,15.638,8.864e+08,152.7,43107,28838,2.7924,-1.231,1,441.97,-0,8.8167e+08,1,0.54456,0.36586,0.94947,0.96377
0.0020413,368.34,84.274,41.853,2.0979e+09,122.65,39245,44941,4.9526,-1.7644,1,412.15,-0,2.1023e+09,1,0.35166,0.37752,0.97146,0.96457
-0,294.46,168.78,76.184,1.6528e+09,178.96,42939,38317,1.3535,-0.48952,1,375.82,-0,1.648e+09,1,0.23719,0.35891,0.97701,0.9883
-0,301.82,160.92,82.299,7.4741e+08,174.81,39379,26934,1.4993,-0.58949,1,369.7,-0,7.4357e+08,1,0.49132,0.34991,0.97295,0.97426
-0,356.46,87.512,75.542,8.7735e+08,125.45,39676,28798,4.1872,-1.5378,1,375.59,-0,8.691e+08,1,0.91563,0.33345,0.9401,0.911
0.0022831,347.83,108.96,58.295,8.6748e+08,142.16,41471,28840,3.1179,-1.2945,1,393.71,-0,8.5967e+08,1,0.80336,0.32648,0.93999,0.93713
0.0010925,331.5,112.42,93.773,1.8165e+09,143.54,40973,39643,2.7731,-1.1422,1,358,-0,1.8138e+09,1,0.57676,0.32403,0.96454,0.95632
-0,315.33,126.17,94,1.7007e+09,150.81,42901,38656,2.2128,-0.90446,1,358,0.0037721,1.6897e+09,1,0.78116,0.30976,0.95944,0.94639
0.002185,312.44,128.27,94,1.68e+09,151.89,42873,38357,2.1371,-0.8688,1,358,0.0037721,1.6691e+09,1,0.79226,0.308,0.95888,0.94633
0.0010925,331.27,119.3,90.011,1.8338e+09,148.31,43445,40592,2.5693,-1.0826,1,361.99,-0,1.8246e+09,1,0.47699,0.32201,0.96648,0.96619
0.0022831,327.22,128.2,80.439,8.0488e+08,154.71,42608,27100,2.3112,-0.99669,1,371.56,-0,7.9932e+08,1,0.61706,0.31485,0.95574,0.95921
0.0020413,296.88,124.99,40.859,1.5232e+09,145.91,35889,36287,2.082,-0.83827,1,358,-0,1.5213e+09,1,0.64556,0.35645,0.96267,0.95133
-0,324.54,139.19,72.611,1.8211e+09,162.51,35325,41556,2.0468,-0.90751,1,379.39,-0,1.8158e+09,1,0.166,0.3504,0.98413,0.99006
-0,369.79,76.195,76.982,2.1125e+09,113.81,41191,45069,5.641,-1.8603,1,375.02,-0,2.1122e+09,1,0.54532,0.37812,0.96649,0.93749
-0,320.77,138.04,89.543,7.9074e+08,160.65,41561,27339,2.0198,-0.8724,1,362.46,-0,7.8605e+08,1,0.46817,0.33195,0.97295,0.9708
-0,259.71,170.79,97.064,6.0621e+08,176.7,37913,23665,1.1768,-0.17555,1,355.07,-0,6.0198e+08,1,0.59072,0.31371,0.95601,0.96965
-0,264.62,170.25,94.827,6.2217e+08,176.76,38612,24264,1.1965,-0.22068,1,357.18,-0,6.1809e+08,1,0.55877,0.31425,0.95912,0.97135
-0,321.85,151.39,10.393,1.8692e+09,169.93,40873,41433,1.8146,-0.80961,1,447.49,0.0037266,1.8655e+09,1,0.40937,0.38359,0.97464,0.97781
-0,403.74,52.719,8.568,2.3716e+09,71.071,42887,48323,13.598,-2.7424,1,449.76,-0,2.3804e+09,1,0.20692,0.44603,0.96819,0.9451
-0,330.57,117.28,92.272,1.8114e+09,147.5,42087,41384,2.634,-1.1195,1,359.58,-0,1.8048e+09,1,0.37583,0.3128,0.95974,0.97261
-0,332.78,129.28,65.456,1.8681e+09,156.19,41952,41504,2.3495,-1.0342,1,386.54,-0,1.8589e+09,1,0.4961,0.3364,0.96432,0.96796
-0,316.74,142.49,89.567,7.7967e+08,163.03,36123,27503,1.8948,-0.80997,1,362.43,-0,7.7467e+08,1,0.27612,0.32994,0.97654,0.98369
-0,200.56,168.3,1.453,4.3666e+08,175.64,40160,20130,1.3583,0.49427,1,58,-0,4.3004e+08,1,0.79946,0.41113,0.95323,0.95882
-0,278.29,158.8,94,6.5275e+08,169.7,38586,24622,1.3692,-0.40425,1,358,-0,6.454e+08,1,1.0609,0.28019,0.93261,0.9414
-0,327.75,131.96,77.114,1.8669e+09,157.71,38544,42206,2.2348,-0.98175,1,374.89,-0,1.8617e+09,1,0.25491,0.33307,0.97291,0.98375
0.001079,326.41,131.81,79.139,1.8533e+09,157.44,38395,42038,2.223,-0.97318,1,372.86,-0,1.8478e+09,1,0.2551,0.32852,0.97218,0.98367
0.0093974,330.7,110.73,80.959,1.8136e+09,138.39,42336,41224,2.7912,-1.0967,1,368.8,0.0037266,1.7805e+09,1,1.9595,0.26341,0.8886,0.85115
-0,362.37,97.419,7.9187,2.0702e+09,135.8,39578,44827,3.9413,-1.5601,1,449.69,-0,2.0655e+09,1,0.11919,0.39207,0.98522,0.98998
-0,319.85,142.64,73.957,1.8235e+09,164.05,43348,41976,1.9359,-0.85567,1,378.04,-0,1.819e+09,1,0.39209,0.32394,0.96148,0.97668
-0,259.59,168.63,98.912,1.384e+09,175.16,41172,34986,1.1935,-0.18437,1,353.66,-0,1.3714e+09,1,0.86815,0.30373,0.94566,0.9548
0.001079,321.16,142.98,64.628,1.8356e+09,164.1,38638,40569,1.9438,-0.8576,1,387.37,-0,1.8322e+09,1,0.30936,0.33508,0.96713,0.98194
-0,340.38,128.15,23.832,1.9767e+09,155.62,39551,43529,2.4954,-1.1107,1,432.91,-0,1.9728e+09,1,0.3239,0.36111,0.96441,0.97933
-0,299.4,149.31,94,1.6522e+09,165.67,36083,38545,1.637,-0.6443,1,358,-0,1.6489e+09,1,0.35352,0.30787,0.96959,0.97949
-0,308.98,147.6,81.667,1.6983e+09,165.49,41263,39867,1.7389,-0.72092,1,370.33,-0,1.6858e+09,1,0.74544,0.3004,0.94676,0.95707
-0,298.49,150.78,92.621,1.6159e+09,166.73,37851,37899,1.6129,-0.62847,1,359.38,-0,1.6041e+09,1,0.34709,0.30165,0.96146,0.98025
-0,283.36,163.24,93.647,1.5274e+09,173.78,37499,36731,1.348,-0.42713,1,358.35,-0,1.5162e+09,1,0.34892,0.31098,0.9632,0.98167
-0,384.77,64.425,43.554,2.1778e+09,97.41,44001,45823,8.4946,-2.3536,1,408.45,-0,2.1686e+09,1,0.43501,0.36732,0.93978,0.9344
-0,295.39,163.44,77.593,1.6324e+09,175.59,41088,38686,1.4226,-0.52499,1,374.41,-0,1.6208e+09,1,0.32419,0.33446,0.96595,0.98348
-0,296.45,164.05,75.551,1.6437e+09,176.14,41262,38827,1.4227,-0.5305,1,376.45,-0,1.6321e+09,1,0.31725,0.34003,0.9665,0.98394
-0,257.1,174.36,94.05,1.3868e+09,179.36,30081,36259,1.1455,-0.13315,1,357.95,-0,1.3931e+09,1,0.15725,0.34646,0.98711,0.99214
-0,241.13,168,99.987,1.2393e+09,172.27,28626,34402,1.1557,-0.039829,1,353.13,-0,1.2405e+09,1,0.18832,0.34372,0.97825,0.98961
0.001079,207.88,168.53,0,1.0333e+09,173.23,28199,31181,1.2528,0.36047,1,58,-0,1.0366e+09,1,0.17996,0.40321,0.98124,0.99021
-0,266.4,161.88,94,1.4095e+09,170.04,32729,36664,1.2777,-0.31,1,358,-0,1.4122e+09,1,0.18887,0.32235,0.97959,0.98939
-0,247.84,176.16,103.39,1.3242e+09,180.02,26880,35581,1.1166,-0.037968,1,352.31,-0,1.3258e+09,1,0.21643,0.3464,0.97451,0.98926
0.0090893,279.39,137.74,95.145,1.4319e+09,153,34270,35794,1.6332,-0.50595,1,355.31,-0,1.3964e+09,1,1.9962,0.27454,0.90458,0.8713
0.0020163,301.11,145.03,94,1.6531e+09,162.71,33194,39942,1.7173,-0.68683,1,358,-0,1.6569e+09,1,0.42109,0.30489,0.96739,0.97467
0.0092159,328.97,121.27,80.281,3.32e+08,147.94,19148,17122,2.4776,-1.014,1,371.72,-0,3.2619e+08,1,1.3733,0.29307,0.92743,0.90503
-0,359.7,76.275,72.87,3.6538e+08,117.46,19441,18878,4.9249,-1.6955,1,361.92,-0,3.6294e+08,1,0.61101,0.36674,0.95811,0.92942
-0,365.51,86.355,53.259,3.8082e+08,125.02,19891,19228,4.6133,-1.6827,1,398.74,-0,3.7904e+08,1,0.50978,0.3826,0.96881,0.94624
-0,291.63,157.29,94,2.913e+08,170.62,19901,16818,1.4704,-0.52604,1,358,-0,2.9008e+08,1,0.49385,0.31459,0.97214,0.97248
-0,324.94,113.98,88.642,2.1097e+08,141.44,15270,13871,2.6339,-1.0433,1,359.86,-0,2.1304e+08,1,1.1546,0.30086,0.93489,0.91182
-0,387.89,67.28,29.748,2.6897e+08,98.24,15890,16059,8.0793,-2.2743,1,428.69,-0,2.7462e+08,1,0.88812,0.37977,0.93588,0.87033
-0,348.26,85.79,73.319,3.5027e+08,126.38,18505,18236,4.1335,-1.5216,1,358,-0,3.4808e+08,1,0.63279,0.35223,0.95753,0.93599
-0,393.47,67.386,8.6933,4.1965e+08,98.099,19752,20198,8.5075,-2.3908,1,449.7,-0,4.1731e+08,1,0.49556,0.43535,0.95606,0.91961
0.0049999,380.61,65.437,63.634,3.933e+08,96.179,19784,19491,7.5021,-2.1015,1,382.52,-0,3.9034e+08,1,0.64156,0.38635,0.95229,0.90152
0.0049999,263.16,166.2,100.15,2.5457e+08,174.68,20406,14816,1.237,-0.1868,1,351.85,-0,2.4998e+08,1,1.0798,0.31494,0.95506,0.94501
0.0049999,305.44,132.75,93.73,2.9835e+08,153.71,16963,16242,1.9706,-0.75923,1,358,0.016864,2.9243e+08,1,1.4029,0.28351,0.93229,0.90805
0.0049999,294.45,154.48,92.179,2.937e+08,168.53,19534,16039,1.5152,-0.53794,1,359.82,0.016864,2.8966e+08,1,0.85733,0.29945,0.95073,0.95277
0.0049999,343.14,113.16,72.801,3.5546e+08,146.79,18370,17627,2.9296,-1.233,1,379.2,-0,3.5318e+08,1,0.40603,0.3495,0.97526,0.97078
-0,322.97,131.2,88.31,3.2845e+08,156.22,17929,17651,2.1953,-0.94112,1,363.69,-0,3.2657e+08,1,0.35057,0.32132,0.97014,0.97721
0.0049999,326.78,120.84,88.404,3.2793e+08,147.39,18232,17277,2.4578,-1.0026,1,363.6,0.016864,3.231e+08,1,0.96844,0.30863,0.94728,0.92972
-0,342.38,105.24,78.033,3.485e+08,139.08,19257,18208,3.1822,-1.284,1,373.39,-0,3.4574e+08,1,0.86096,0.31481,0.94087,0.92937
0.0092159,303.67,121.41,80.124,2.8805e+08,143.75,19034,16226,2.1988,-0.82819,1,358,-0,2.8145e+08,1,1.3294,0.32404,0.94263,0.90069
-0,342.21,105.24,77.794,3.482e+08,139.09,19286,18203,3.1785,-1.2824,1,373.53,-0,3.4542e+08,1,0.88516,0.31351,0.93952,0.92743
0.0092159,302.92,122.13,81.151,2.8718e+08,144.16,18979,16197,2.1762,-0.81782,1,358,-0,2.8064e+08,1,1.3189,0.32344,0.94304,0.90204
0.0092159,303.63,121.56,80.341,2.8815e+08,143.98,19005,16221,2.1986,-0.83029,1,358,-0,2.8161e+08,1,1.3048,0.32451,0.94365,0.90266
0.0049999,296.2,150.51,94,2.947e+08,166.59,16219,15263,1.6073,-0.60054,1,358,0.016864,2.9175e+08,1,0.35935,0.31517,0.97666,0.97938
0.0099996,259.5,142.52,134.34,2.3373e+08,155.74,14852,13843,1.4805,-0.22439,1,316.49,-0,2.2129e+08,1,2.8606,0.25914,0.88267,0.82793
-0,341.8,109.22,82.448,3.498e+08,142.31,19373,17779,3.004,-1.234,1,369.55,-0,3.4741e+08,1,0.53418,0.34095,0.96811,0.95791
0.0049999,360.86,91.12,61.55,3.7549e+08,130.08,20398,18761,4.0978,-1.5563,1,390.45,0.016864,3.7315e+08,1,0.41752,0.3699,0.97093,0.96128
0.0049999,356.42,96.132,64.213,3.692e+08,132.84,19579,18413,3.7559,-1.4616,1,387.79,-0,3.6675e+08,1,0.63501,0.35439,0.95937,0.94453
-0,294.83,132.52,92.966,2.8023e+08,151.31,16849,15723,1.8762,-0.6936,1,358,-0,2.7539e+08,1,1.2596,0.31082,0.945,0.91278
-0,294.92,132.34,92.594,2.8031e+08,151.23,16762,15731,1.88,-0.69682,1,358,-0,2.7545e+08,1,1.2748,0.31094,0.94449,0.91153
0.0049999,338.93,101.42,91.407,3.3996e+08,135.45,19900,17860,3.2384,-1.2702,1,359.01,0.016864,3.3731e+08,1,0.6346,0.34049,0.96521,0.94603
0.0049999,368.79,83.454,49.817,3.8373e+08,119.86,19888,19101,4.9208,-1.7236,1,402.18,-0,3.806e+08,1,0.70337,0.37683,0.95946,0.92433
0.013136,368.9,83.354,48.029,3.8388e+08,119.76,19889,19102,4.9464,-1.7277,1,403.97,0.016864,3.8069e+08,1,0.72232,0.37698,0.95924,0.92237
0.0049999,357.75,80.635,72.475,3.6361e+08,120.41,18552,18270,4.5762,-1.6186,1,372.33,-0,3.6083e+08,1,0.67675,0.34895,0.95174,0.92884
0.0049999,329.01,99.558,29.761,3.2151e+08,133.2,20617,17403,3.2297,-1.2523,1,358,0.016864,3.186e+08,1,0.866,0.34959,0.95359,0.92394
-0,346.95,116.26,31.577,3.6215e+08,146.78,17708,18561,2.8746,-1.2144,1,428.36,-0,3.5825e+08,1,0.6947,0.36015,0.96003,0.94987
0.0049999,329.16,99.156,29.046,3.216e+08,132.96,20617,17409,3.2507,-1.2579,1,358,0.016864,3.1871e+08,1,0.86681,0.35017,0.95346,0.92362
0.0092159,347.41,108,67.975,3.5949e+08,142.05,17495,18291,3.1869,-1.2926,1,384.02,0.016864,3.5588e+08,1,0.40643,0.35119,0.97131,0.96963
0.0049999,309.55,136.98,92.551,3.0807e+08,157.82,19577,16969,1.9261,-0.77046,1,359.45,-0,3.0293e+08,1,1.2798,0.28552,0.93357,0.91946
0.0049999,355.41,95.236,69.629,3.6757e+08,133.13,18747,18655,3.7388,-1.4501,1,382.37,-0,3.6408e+08,1,0.35158,0.36749,0.97373,0.96817
-0,359.28,73.383,62.087,3.6231e+08,113.54,18338,18478,5.1264,-1.7089,1,363.84,0.016864,3.5928e+08,1,0.52702,0.37677,0.96466,0.9384
0.0099996,354.9,77.425,55.289,3.5595e+08,116.34,17390,18453,4.7335,-1.6317,1,369.13,-0,3.5253e+08,1,0.75187,0.34325,0.93552,0.91371
0.0049999,328.28,122.24,84.603,3.3117e+08,148.35,19093,17581,2.4511,-0.99622,1,367.4,0.016864,3.2569e+08,1,0.99264,0.3084,0.94444,0.92908
-0,308.84,135.43,94,3.0614e+08,156.82,19521,16938,1.9581,-0.79772,1,358,-0,3.0358e+08,1,0.54981,0.3106,0.96691,0.96408
-0,319.83,145.62,69.918,3.3139e+08,166.05,16128,17891,1.8808,-0.82256,1,382.08,-0,3.2969e+08,1,0.12603,0.36175,0.98948,0.99271
0.0036933,251.72,168.14,101,3.3646e+08,174.41,17260,16742,1.1833,-0.097038,1,351.16,-0,3.3688e+08,1,0.78605,0.31952,0.96232,0.95871
0.0049999,362.23,79.831,82.997,3.7258e+08,121.62,20621,19045,4.9674,-1.738,1,366.58,-0,3.7024e+08,1,0.427,0.35537,0.96156,0.95661
-0,269.31,139.05,99.58,2.4467e+08,152.82,17559,14437,1.5498,-0.39774,1,351.45,0.016864,2.3598e+08,1,2.2344,0.28711,0.90399,0.85268
-0,355.48,77.921,68.915,3.5861e+08,119,17885,18467,4.6338,-1.619,1,360.11,-0,3.5601e+08,1,0.52561,0.37172,0.96691,0.94242
0.0049999,374.92,87.901,6.3157,3.9716e+08,122.76,19356,19538,4.9779,-1.7823,1,450.98,-0,3.9451e+08,1,0.60466,0.41451,0.96409,0.93831
-0,293.38,139.38,94,2.8271e+08,157.22,17888,16260,1.7436,-0.63099,1,358,-0,2.784e+08,1,1.0878,0.29994,0.95212,0.93069
0.0049999,333.24,107.12,89.633,3.3228e+08,138.42,17083,17693,3.0015,-1.1927,1,360.01,-0,3.2892e+08,1,0.85471,0.31236,0.94607,0.93229
0.0049999,333.17,107.02,89.437,3.3211e+08,138.35,17051,17686,2.9983,-1.1922,1,360.07,-0,3.2871e+08,1,0.85773,0.31241,0.94584,0.93193
0.0049999,357.49,88.09,73.001,3.6777e+08,127.75,17902,18708,4.1374,-1.55,1,379,-0,3.6558e+08,1,0.36802,0.36298,0.97145,0.96488
0.0092159,358.22,101.59,31.301,3.7571e+08,137.52,19917,18804,3.7349,-1.4737,1,428.76,-0,3.7138e+08,1,0.88254,0.35535,0.94447,0.931
0.0049999,338.75,101.1,91.885,3.3996e+08,135.9,19245,18138,3.2452,-1.2827,1,358.37,-0,3.3758e+08,1,0.68401,0.34005,0.96477,0.94216
-0,289.46,142.33,94,2.7833e+08,159.01,19892,16040,1.6684,-0.60148,1,358,-0,2.7551e+08,1,1.0622,0.29896,0.9498,0.93304
-0,329.77,113.52,92.436,3.2943e+08,142.64,17728,17384,2.7194,-1.0947,1,359.4,-0,3.2539e+08,1,0.80188,0.31995,0.95527,0.93776
0.013136,291.07,144.84,94,2.8191e+08,160.49,18393,15994,1.6253,-0.56226,1,358,-0,2.7705e+08,1,1.0667,0.28805,0.9448,0.93566
-0,332.71,120.04,73.419,3.3872e+08,148.47,18054,17835,2.5778,-1.096,1,377.28,-0,3.3573e+08,1,0.75388,0.28852,0.92443,0.94488
-0,311.24,120.62,85.023,3.0098e+08,145.17,17048,16689,2.3221,-0.90934,1,358,-0,2.9598e+08,1,0.84221,0.32548,0.95727,0.93687
-0,311.52,120.32,85.023,3.0141e+08,145.16,17057,16702,2.3359,-0.91619,1,358,-0,2.9643e+08,1,0.83706,0.32513,0.95712,0.93722
0.0049999,335.45,119.45,92.35,3.4427e+08,149.61,20581,18148,2.6133,-1.1096,1,359.65,-0,3.4229e+08,1,0.26205,0.34782,0.98393,0.98148
-0,360.37,94.281,36.896,3.7577e+08,131.87,18521,18876,3.9827,-1.5305,1,422.01,-0,3.7262e+08,1,0.34947,0.38108,0.97778,0.96885
0.0049999,363.82,99.079,6.9796,3.8385e+08,134.37,18197,18944,3.9444,-1.5338,1,450.99,-0,3.8034e+08,1,0.52843,0.39927,0.97356,0.95573
0.013136,337.23,111.84,93.62,3.4359e+08,144.63,20412,18221,2.8559,-1.1831,1,358.38,-0,3.4132e+08,1,0.57179,0.33504,0.97104,0.95757
-0,302.41,150.82,92.15,3.0441e+08,166.85,20569,16827,1.6314,-0.62095,1,359.85,-0,3.0076e+08,1,0.74178,0.31514,0.96354,0.95825
-0,360.27,94.287,37.78,3.7566e+08,131.96,18520,18873,3.9789,-1.5297,1,421.02,-0,3.7253e+08,1,0.35108,0.38053,0.97751,0.96873
-0,334.38,126.53,72.502,3.4646e+08,154.78,19918,18443,2.4425,-1.0667,1,379.5,-0,3.4495e+08,1,0.5485,0.3479,0.97042,0.96282
-0,316.96,129.72,94,3.1686e+08,153.96,16045,16447,2.1624,-0.8835,1,358,-0,3.131e+08,1,0.46521,0.3225,0.97636,0.96946
-0,285.92,155.41,94,2.81e+08,168.43,19950,16348,1.4521,-0.48193,1,358,-0,2.7879e+08,1,0.85743,0.29347,0.95185,0.95132
-0,299.55,139.72,94,2.9264e+08,157.96,17444,16624,1.7933,-0.68715,1,358,-0,2.8909e+08,1,0.50262,0.30904,0.96671,0.96759
0.0092159,371.33,81.956,34.068,3.8738e+08,117.96,19891,19261,5.3522,-1.8165,1,423.73,-0,3.8473e+08,1,0.72938,0.37128,0.95345,0.92321
0.0049999,366.45,84.557,59.632,3.8042e+08,121.62,19894,19061,4.9058,-1.7194,1,392.37,-0,3.7765e+08,1,0.76346,0.3608,0.95287,0.92391
0.0049999,371.05,82.182,34.57,3.871e+08,118.37,19891,19250,5.3175,-1.8109,1,423.36,-0,3.8438e+08,1,0.73765,0.37122,0.95354,0.92267
0.0049999,332.69,120.75,93.135,3.3993e+08,150.1,20211,18023,2.541,-1.0796,1,358.86,-0,3.3801e+08,1,0.25297,0.34243,0.98277,0.98223
-0,379.3,91.454,0.84534,4.0857e+08,127.42,19903,20040,5.0404,-1.8558,1,452,-0,4.07e+08,1,0.37437,0.46546,0.97424,0.96376
0.0049999,324.53,96.662,16.458,3.1082e+08,128.39,18140,17191,3.2981,-1.2563,1,358,-0,3.0743e+08,1,0.52289,0.4123,0.97536,0.94844
0.0049999,391.84,61.096,28.911,4.1103e+08,86.765,19917,20140,9.9162,-2.4271,1,428.89,-0,4.0942e+08,1,0.60657,0.42188,0.96463,0.88811
0.0049999,392.31,60.59,28.853,4.1153e+08,85.749,19917,20153,10.074,-2.4384,1,428.79,-0,4.099e+08,1,0.61162,0.42301,0.96446,0.88477
0.0049999,344.35,113.44,57.446,3.5519e+08,143.57,19479,18341,2.9546,-1.2075,1,394.55,-0,3.4938e+08,1,1.1484,0.33527,0.94127,0.91402
-0,286.25,155.2,94,2.814e+08,168.34,19917,16359,1.4571,-0.48611,1,358,-0,2.792e+08,1,0.8536,0.29376,0.95222,0.95149
-0,355.12,86.255,78.725,3.623e+08,125.96,19712,18487,4.1847,-1.5444,1,371.66,-0,3.6016e+08,1,0.44444,0.35859,0.97069,0.95767
0.0049999,295.83,128.31,67.93,2.7973e+08,148.69,16628,15486,1.9991,-0.78591,1,358,-0,2.7662e+08,1,0.81287,0.35113,0.96762,0.94124
0.0049999,377.38,73.587,46.512,3.9349e+08,108.53,19534,19537,6.3442,-1.9982,1,405.49,-0,3.9128e+08,1,0.85239,0.37836,0.9445,0.88677
0.0092159,327.54,105.08,83.075,3.2066e+08,135.56,16801,17292,2.9814,-1.1478,1,358,-0,3.1553e+08,1,1.0825,0.33302,0.95213,0.91145
-0,284.85,158.12,94,2.8099e+08,170.22,19907,16383,1.4119,-0.45671,1,358,0.016864,2.7884e+08,1,0.64086,0.30795,0.96713,0.96443
-0,245.33,174.13,131.8,2.3541e+08,179.08,15392,14698,1.1436,-0.0059368,1,325.75,0.016864,2.3257e+08,1,0.69792,0.33638,0.96064,0.96547
0.0049999,358.91,84.702,73.859,3.6724e+08,122.86,20061,18455,4.4978,-1.6047,1,377.39,-0,3.6381e+08,1,0.95029,0.33841,0.94383,0.90716
0.0049999,334.15,111.4,94,3.3777e+08,143.9,19895,17695,2.8369,-1.1686,1,358,-0,3.3584e+08,1,0.46269,0.33615,0.97267,0.96394
0.0049999,384.81,94.874,0,4.2147e+08,130.69,19329,20036,4.9484,-1.8777,1,452,-0,4.1949e+08,1,0.15437,0.55575,0.99181,0.98579
0.0049999,380.78,94.1,1.1012,4.1293e+08,129.69,19890,19604,4.8775,-1.8344,1,452,-0,4.1073e+08,1,0.43779,0.48778,0.96938,0.9601
-0,348.36,113.32,21.465,3.6492e+08,147.14,19298,18791,3.0124,-1.2742,1,443.11,-0,3.6277e+08,1,0.28423,0.38121,0.98361,0.97975
-0,306.28,146.8,87.639,3.086e+08,164.7,19895,17119,1.7275,-0.70005,1,364.36,-0,3.0648e+08,1,0.89232,0.29977,0.94875,0.94697
-0,273.62,160.53,94.01,2.6536e+08,170.67,16410,15545,1.3258,-0.3451,1,357.99,-0,2.626e+08,1,0.67614,0.30468,0.96327,0.96281
0.0092159,354.13,68.475,16.931,3.5156e+08,111.15,18704,18291,5.3117,-1.7255,1,358,-0,3.4895e+08,1,0.62926,0.41025,0.97005,0.92104
-0,280.18,167.56,94,2.7998e+08,176.7,14172,15963,1.2857,-0.36809,1,358,-0,2.7823e+08,1,0.35783,0.32774,0.97416,0.98167
-0,325.35,138.36,63.511,3.361e+08,160.82,19427,17514,2.0802,-0.9017,1,388.49,-0,3.3309e+08,1,0.73382,0.33899,0.95848,0.9558
0.0049999,334.25,111.36,94,3.3796e+08,143.91,19893,17699,2.8394,-1.17,1,358,-0,3.3604e+08,1,0.45564,0.33623,0.97277,0.9645
0.0035507,284.64,136.91,93.951,1.5681e+09,153.36,44389,37212,1.7237,-0.6236,1,358,-0,1.5488e+09,1,0.88048,0.3353,0.96352,0.94008
0.0015919,336.55,105.8,93.879,2.6938e+10,139.87,2.0919e+05,1.5843e+05,3.0548,-1.2399,1,358,0.00097075,2.6817e+10,1,0.50154,0.33309,0.96731,0.95976
-0,332.52,115.81,94,2.6846e+10,147.68,2.2122e+05,1.6119e+05,2.6756,-1.1317,1,358,-0,2.6818e+10,1,0.070218,0.35225,0.99597,0.99485
0.00025687,384.7,87.272,0,4.4482e+10,123.49,2.4204e+05,2.0622e+05,5.6002,-1.9959,1,452,0.00025687,4.4446e+10,1,0.063296,0.48699,0.99585,0.99359
-0,375.68,44.184,0,4.7453e+09,71.485,71275,68298,12.721,-2.4433,1,358,-0,4.7433e+09,1,0.05139,0.53863,0.99577,0.98568
-0,388.57,70.617,7.7859,2.0346e+08,103.72,15454,14000,7.5999,-2.2677,1,449.86,-0,2.0812e+08,1,0.41136,0.42539,0.96982,0.9445
-0,280.9,170.59,94,2.3519e+08,179.46,13590,15014,1.2672,-0.35812,1,358,-0,2.447e+08,1,0.34483,0.35179,0.98498,0.98316
0.0011268,371.68,80.342,42.589,2.4554e+10,118.18,2.127e+05,1.5398e+05,5.3987,-1.85,1,410.23,-0,2.4483e+10,1,0.27852,0.39648,0.98267,0.96963
0.0031755,401.19,57.704,5.7193,7.1222e+08,81.393,22449,26382,11.861,-2.7224,1,451.48,-0,7.1931e+08,1,0.25144,0.45846,0.97661,0.94746
-0,384.6,50.472,12.484,3.1669e+08,72.766,16509,17607,12.274,-2.4009,1,359.16,-0,3.2762e+08,1,0.28955,0.44578,0.96914,0.92788
0.00017823,299.77,141.31,94,2.343e+10,160.2,1.3106e+05,1.5078e+05,1.7761,-0.71156,1,358,-0,2.3387e+10,1,0.10288,0.33299,0.99425,0.99349
0.0028642,371.23,43.222,0.67553,6.8472e+08,75.755,23971,25876,11.863,-2.488,1,358,-0,6.9625e+08,1,0.22483,0.51545,0.97708,0.94442
0.00071429,340.92,96.956,91.728,5.9683e+09,134.06,57707,74294,3.4463,-1.3539,1,358,0.0024747,5.9751e+09,1,0.34885,0.35313,0.97546,0.96925
0.00077415,336.9,102.64,94,4.619e+10,138.45,2.0384e+05,2.0809e+05,3.1556,-1.2718,1,358,0.0002051,4.6106e+10,1,0.1403,0.36464,0.99326,0.98832
-0,390.74,63.125,14.438,7.0353e+08,91.588,23652,26171,9.4308,-2.4419,1,444.72,-0,7.026e+08,1,0.1824,0.43772,0.98564,0.96852
-0,318.6,123.25,93.632,5.8849e+08,149.47,21343,23407,2.3294,-0.96776,1,358,0.0097258,5.8429e+08,1,0.5828,0.3168,0.96345,0.95814
0.0072398,277.23,154.68,94,3.5189e+08,167.16,34549,18076,1.43,-0.41146,1,358,-0,3.5174e+08,1,0.81872,0.30809,0.96696,0.95423
-0,406.36,52.738,6.7242,7.3851e+08,72.32,22406,26899,14.104,-2.8743,1,450.57,-0,7.5827e+08,1,0.23355,0.46353,0.97198,0.94024
-0,398.49,62.053,7.4205,3.8061e+08,90.644,19310,19197,10.161,-2.6244,1,449.87,-0,3.9575e+08,1,0.32824,0.44061,0.96537,0.943
-0,418.61,55.11,0,5.9579e+08,93.918,17657,24115,12.35,-3.2217,1,452,-0,6.1955e+08,1,0.18648,0.69671,0.9888,0.96816
0.00058184,348.61,113.35,1.6752,2.9105e+10,148.28,2.4566e+05,1.6958e+05,2.984,-1.2817,1,452,0.00063402,2.9065e+10,1,0.1016,0.38613,0.9941,0.99271
0.0017853,277.74,143.54,90.194,1.6446e+09,156.99,42469,37136,1.5626,-0.53275,1,358,-0,1.6541e+09,1,0.82777,0.31832,0.9523,0.946
-0,374.35,50.157,0,4.446e+10,82.061,2.9262e+05,2.0783e+05,10.353,-2.3597,1,358,-0,4.4521e+10,1,0.090572,0.49589,0.99413,0.98033
0.0010677,220.81,162.14,111.61,6.8388e+09,165.82,95180,77928,1.1858,0.12508,1,149.87,0.0013286,6.7899e+09,1,0.2954,0.38433,0.98676,0.98213
0.00079807,180.24,148.75,0,8.4336e+09,155.51,1.1017e+05,87986,1.4533,0.55626,1,58,-0,8.3696e+09,1,0.2619,0.47067,0.99047,0.9816
0.0047835,321.58,123.87,82.67,2.0199e+09,148.63,44638,42549,2.3304,-0.94629,1,369.03,-0,2.0053e+09,1,1.7458,0.26375,0.90094,0.88102
0.0012716,206.3,161.73,7.1515,1.7767e+09,166.55,69678,39722,1.2665,0.32229,1,58,-0,1.7739e+09,1,0.35595,0.40036,0.9824,0.97886
0.0042143,316.08,124.48,94,6.6094e+09,149.56,1.1644e+05,77831,2.2622,-0.92124,1,358,0.0066556,6.5805e+09,1,0.87389,0.3133,0.95924,0.93884
0.0007334,312.24,119.45,74.254,2.5634e+09,145.55,52776,48983,2.3687,-0.97294,1,358,-0,2.5519e+09,1,0.21951,0.36219,0.98857,0.98329
-0,328.34,129.95,94,1.6689e+09,156.66,33637,40592,2.2726,-0.99062,1,358,-0,1.6667e+09,1,0.11466,0.35057,0.99254,0.99261
-0,306.75,129.38,93.951,1.484e+09,152.45,37497,37094,2.0821,-0.8586,1,358,-0,1.4896e+09,1,0.13139,0.33887,0.98708,0.99089
0.00075651,305.98,120.67,11.011,4.7881e+09,145.12,60033,64964,2.282,-0.93458,1,358,-0,4.7945e+09,1,0.25828,0.37988,0.99083,0.98004
0.0013868,372.87,63.832,42.913,1.593e+10,99.842,1.2929e+05,1.23e+05,7.242,-2.0925,1,369.97,0.0011302,1.5885e+10,1,0.65536,0.36818,0.94161,0.90504
0.0047881,291.22,140.28,93.625,1.6404e+09,156.7,44192,38408,1.7037,-0.62718,1,358,-0,1.6178e+09,1,1.1391,0.2822,0.9301,0.92749
7.1365e-05,286.89,153.3,94,3.0095e+10,166.79,1.5971e+05,1.6626e+05,1.4954,-0.53209,1,358,-0,3.0073e+10,1,0.14886,0.3223,0.98766,0.99132
0.00023218,379.55,102.15,0,1.2408e+10,138.18,1.0172e+05,1.0783e+05,4.3743,-1.759,1,452,-0,1.2433e+10,1,0.12072,0.53525,0.99312,0.99015
0.00090573,380.33,66.348,80.548,2.6458e+09,99.449,48384,51223,7.6508,-2.1825,1,370.9,-0,2.6635e+09,1,0.22398,0.41313,0.9802,0.96626
0.0022088,320,126.62,93.669,1.6001e+09,152,34062,38523,2.2578,-0.94742,1,358.33,-0,1.5971e+09,1,0.54168,0.31127,0.96341,0.96303
0.0043989,247.85,157.91,97.206,2.6088e+08,164.54,17280,14581,1.2498,-0.17482,1,354.79,-0,2.5939e+08,1,0.51282,0.34398,0.97582,0.96909
-0,265.43,161.26,94,2.0746e+08,169.64,19358,13895,1.2878,-0.27914,1,358,-0,2.0991e+08,1,0.39725,0.31838,0.97419,0.97801
-0,299.22,134.44,94,3.034e+08,154.04,16545,16982,1.8955,-0.73659,1,358,-0,3.0777e+08,1,0.47274,0.32759,0.97674,0.96844
-0,307.79,145.45,94,1.5349e+09,164.28,36461,37661,1.766,-0.72294,1,358,-0,1.5308e+09,1,0.22015,0.3301,0.98814,0.98705
0.00010155,312.07,123.41,94,2.2319e+10,149.01,2.0426e+05,1.4347e+05,2.2621,-0.94085,1,358,-0,2.2281e+10,1,0.11619,0.35629,0.99438,0.99149
-0,286.86,167.05,94,2.3052e+10,177.13,2.2937e+05,1.5059e+05,1.3292,-0.43961,1,358,-0,2.303e+10,1,0.064203,0.348,0.99543,0.99671
0.00035273,345.39,84.85,16.886,2.7436e+10,126.47,2.2058e+05,1.6182e+05,4.0667,-1.5164,1,358,0.00033673,2.7409e+10,1,0.10776,0.3903,0.99052,0.98928
0.00017823,224.79,175.18,1.0252,1.6727e+10,178.75,1.7013e+05,1.2427e+05,1.1577,0.20523,1,58,-0,1.6685e+10,1,0.12754,0.38729,0.99465,0.99351
9.4045e-05,224.78,175.18,1.0193,1.6726e+10,178.75,1.701e+05,1.2426e+05,1.1577,0.20532,1,58,-0,1.6684e+10,1,0.12657,0.38733,0.99468,0.99356
-0,227.75,179.6,0,1.729e+10,182.72,1.6572e+05,1.2447e+05,1.1308,0.20058,1,58,-0,1.7269e+10,1,0.059323,0.39889,0.99642,0.99713
-0,325.07,137.69,93.491,2.6748e+10,161.93,2.0987e+05,1.5801e+05,2.0781,-0.92383,1,358.51,-0,2.6724e+10,1,0.078257,0.3541,0.99157,0.99524
0.00028214,296.01,146.83,94,2.3195e+10,163.56,2.0053e+05,1.458e+05,1.6515,-0.63772,1,358,-0,2.3138e+10,1,0.17727,0.32728,0.99163,0.98928
-0,220.61,177.7,0,1.6538e+10,181.33,1.7719e+05,1.1933e+05,1.168,0.27328,1,58,-0,1.6513e+10,1,0.072064,0.40682,0.99615,0.99645
-0,332.03,136.06,0.2698,2.7658e+10,161.67,2.2355e+05,1.5897e+05,2.1915,-0.98886,1,452,-0,2.7629e+10,1,0.08041,0.38054,0.99589,0.99511
-0,331.31,136.46,1.3967,2.7573e+10,161.86,2.2326e+05,1.5872e+05,2.1747,-0.98024,1,452,-0,2.7544e+10,1,0.081379,0.37878,0.99586,0.99506
-0,351.55,98.642,94,2.6622e+10,138.06,2.6152e+05,1.5762e+05,3.5188,-1.4161,1,358,-0,2.659e+10,1,0.09078,0.37269,0.9934,0.9925
0.00025869,325.48,137.15,93.951,2.6774e+10,161.52,2.2029e+05,1.5704e+05,2.0905,-0.92578,1,358.05,-0,2.6735e+10,1,0.12835,0.35764,0.99356,0.99217
5.5971e-05,370.52,87.782,1.2173,5.4445e+10,126.47,2.5955e+05,2.2813e+05,4.8045,-1.7655,1,452,0.00020103,5.45e+10,1,0.069483,0.4104,0.99314,0.99325
0.00040833,292.48,113.48,0,1.3537e+10,134.68,86203,1.102e+05,2.3991,-1.0538,1,358,-0,1.3503e+10,1,0.17741,0.51515,0.99297,0.98324
0.00079977,317.24,141.69,94,2.5805e+10,163.11,2.0203e+05,1.552e+05,1.9151,-0.82334,1,358,0.00033673,2.5689e+10,1,0.37879,0.33731,0.98219,0.97745
-0,267.76,169.54,94,2.086e+10,176.53,1.7512e+05,1.3978e+05,1.2167,-0.26372,1,358,-0,2.0836e+10,1,0.049379,0.34169,0.99781,0.99743
0.00017823,288.2,165.23,94,2.3128e+10,176.02,1.9526e+05,1.4643e+05,1.3566,-0.45971,1,358,-0,2.3105e+10,1,0.067025,0.34631,0.99693,0.99652
9.4045e-05,301.52,148.49,94,2.4012e+10,165.8,1.8143e+05,1.4248e+05,1.6686,-0.66889,1,358,-0,2.3971e+10,1,0.12539,0.32822,0.99153,0.99265
9.4045e-05,286.39,159.75,94,2.2612e+10,171.69,2.2486e+05,1.4278e+05,1.4098,-0.48067,1,358,-0,2.2591e+10,1,0.07204,0.33244,0.99617,0.99604
